canonical_product_id,image_url,image_alt,image_filename,position
autopart.tn:18658,https://autopart.tn/pieces/257/10-ECO009_1.webp,Filtre à huile ASHIKA 10-ECO009,10-ECO009_1.webp,1
autopart.tn:68315,https://autopart.tn/pieces/350/ADG02105_1.webp,Filtre à huile BLUE PRINT ADG02105,ADG02105_1.webp,1
autopart.tn:68188,https://autopart.tn/pieces/101/32549_1.webp,Filtre à huile FEBI BILSTEIN 32549,32549_1.webp,1
autopart.tn:48285,https://autopart.tn/pieces/185/F101801_1.webp,Filtre à huile KAMOKA F101801,F101801_1.webp,1
autopart.tn:3849,https://autopart.tn/pieces/185/F108601_1.webp,Filtre à huile KAMOKA F108601,F108601_1.webp,1
autopart.tn:46970,https://autopart.tn/pieces/201/SO-803_1.webp,Filtre à huile KAVO PARTS SO-803,SO-803_1.webp,1
autopart.tn:53287,https://autopart.tn/pieces/6358/7O0063_1.webp,Filtre à huile Ridex 7O0063,7O0063_1.webp,1
autopart.tn:18980,https://autopart.tn/pieces/257/20-0S-S03_1.webp,Filtre à air ASHIKA 20-0S-S03,20-0S-S03_1.webp,1
autopart.tn:57687,https://autopart.tn/pieces/201/SA-9855_1.webp,Filtre à air KAVO PARTS SA-9855,SA-9855_1.webp,1
autopart.tn:77853,https://autopart.tn/pieces/248/J1320406_1.webp,Filtre à air NIPPARTS J1320406,J1320406_1.webp,1
autopart.tn:58422,https://autopart.tn/pieces/257/30-0S-S04_1.webp,Filtre à carburant ASHIKA 30-0S-S04,30-0S-S04_1.webp,1
autopart.tn:23711,https://autopart.tn/pieces/257/30-0S-001_1.webp,Filtre à carburant ASHIKA 30-0S-001,30-0S-001_1.webp,1
autopart.tn:4091,https://autopart.tn/pieces/185/F301401_1.webp,Filtre à carburant KAMOKA F301401,F301401_1.webp,1
autopart.tn:46971,https://autopart.tn/pieces/201/SF-985_1.webp,Filtre à carburant KAVO PARTS SF-985,SF-985_1.webp,1
autopart.tn:19035,https://autopart.tn/pieces/257/21-SS-S04_1.webp,Filtre habitacle ASHIKA 21-SS-S04,21-SS-S04_1.webp,1
autopart.tn:65524,https://autopart.tn/pieces/185/F429701_1.webp,Filtre habitacle KAMOKA F429701,F429701_1.webp,1
autopart.tn:65530,https://autopart.tn/pieces/185/F526701_1.webp,Filtre habitacle KAMOKA F526701,F526701_1.webp,1
autopart.tn:35908,https://autopart.tn/pieces/257/FTA131_1.webp,"Filtre hydraulique, boîte automatique ASHIKA FTA131",FTA131_1.webp,1
autopart.tn:19715,https://autopart.tn/pieces/257/50-H0-005_1.webp,Kit de plaquettes de frein ASHIKA 50-H0-005,50-H0-005_1.webp,1
autopart.tn:19811,https://autopart.tn/pieces/257/51-0S-S01_1.webp,Kit de plaquettes de frein ASHIKA 51-0S-S01,51-0S-S01_1.webp,1
autopart.tn:34823,https://autopart.tn/pieces/185/JQ101163_1.webp,Kit de plaquettes de frein KAMOKA JQ101163,JQ101163_1.webp,1
autopart.tn:77360,https://autopart.tn/pieces/201/KBP-7501_1.webp,Kit de plaquettes de frein KAVO PARTS KBP-7501,KBP-7501_1.webp,1
autopart.tn:26253,https://autopart.tn/pieces/248/J3600526_1.webp,Kit de plaquettes de frein NIPPARTS J3600526,J3600526_1.webp,1
autopart.tn:20070,https://autopart.tn/pieces/257/60-0S-S03C_1.webp,Jeu de 2 Disques de frein ASHIKA 60-0S-S03C,60-0S-S03C_1.webp,1
autopart.tn:20129,https://autopart.tn/pieces/257/61-0S-S02C_1.webp,Jeu de 2 Disques de frein ASHIKA 61-0S-S02C,61-0S-S02C_1.webp,1
autopart.tn:78314,https://autopart.tn/pieces/248/N3300405_1.webp,Jeu de 2 Disques de frein NIPPARTS N3300405,N3300405_1.webp,1
autopart.tn:57558,https://autopart.tn/pieces/201/KBS-7405_1.webp,Jeu de mâchoires de frein KAVO PARTS KBS-7405,KBS-7405_1.webp,1
autopart.tn:46602,https://autopart.tn/pieces/121/53-0100_1.webp,Jeu de mâchoires de frein METELLI 53-0100,53-0100_1.webp,1
autopart.tn:78016,https://autopart.tn/pieces/248/J3500502_1.webp,Jeu de mâchoires de frein NIPPARTS J3500502,J3500502_1.webp,1
autopart.tn:65753,https://autopart.tn/pieces/101/05478_1.webp,"Poulie renvoi/transmission, courroie trapézoïdale à nervures FEBI BILSTEIN 05478",05478_1.webp,1
autopart.tn:58057,https://autopart.tn/pieces/33/T36483_1.webp,"Poulie renvoi/transmission, courroie trapézoïdale à nervures GATES T36483",T36483_1.webp,1
autopart.tn:4645,https://autopart.tn/pieces/185/R0196_1.webp,"Poulie renvoi/transmission, courroie trapézoïdale à nervures KAMOKA R0196",R0196_1.webp,1
autopart.tn:64844,https://autopart.tn/pieces/10008/526517_1.webp,Bougie de préchauffage Amadini 526517,526517_1.webp,1
autopart.tn:20509,https://autopart.tn/pieces/257/72-0S-S09L_1.webp,Bras et Triangle suspension ASHIKA 72-0S-S09L,72-0S-S09L_1.webp,1
autopart.tn:23945,https://autopart.tn/pieces/257/72-0S-S05L_1.webp,Bras et Triangle suspension ASHIKA 72-0S-S05L,72-0S-S05L_1.webp,1
autopart.tn:23946,https://autopart.tn/pieces/257/72-0S-S09R_1.webp,Bras et Triangle suspension ASHIKA 72-0S-S09R,72-0S-S09R_1.webp,1
autopart.tn:20508,https://autopart.tn/pieces/257/72-0S-S05R_1.webp,Bras et Triangle suspension ASHIKA 72-0S-S05R,72-0S-S05R_1.webp,1
autopart.tn:82272,https://autopart.tn/pieces/6399/97-11190_1.webp,Bras et Triangle suspension AYD 97-11190,97-11190_1.webp,1
autopart.tn:24468,https://autopart.tn/pieces/373/S062083_1.webp,Bras et Triangle suspension GSP S062083,S062083_1.webp,1
autopart.tn:78567,https://autopart.tn/pieces/248/N4920401_1.webp,Bras et Triangle suspension NIPPARTS N4920401,N4920401_1.webp,1
autopart.tn:74351,https://autopart.tn/pieces/257/GOM-S13_1.webp,Silent-bloc ASHIKA GOM-S13,GOM-S13_1.webp,1
autopart.tn:65853,https://autopart.tn/pieces/257/GOM-S14_1.webp,Silent-bloc ASHIKA GOM-S14,GOM-S14_1.webp,1
autopart.tn:82270,https://autopart.tn/pieces/6399/87-21391_1.webp,Silent-bloc AYD 87-21391,87-21391_1.webp,1
autopart.tn:82271,https://autopart.tn/pieces/6399/87-21390_1.webp,Silent-bloc AYD 87-21390,87-21390_1.webp,1
autopart.tn:55364,https://autopart.tn/pieces/373/516389_1.webp,Silent-bloc GSP 516389,516389_1.webp,1
autopart.tn:24450,https://autopart.tn/pieces/373/516395_1.webp,Silent-bloc GSP 516395,516395_1.webp,1
autopart.tn:89922,https://autopart.tn/pieces/373/535135_1.webp,Silent-bloc GSP 535135,535135_1.webp,1
autopart.tn:22855,https://autopart.tn/pieces/373/535137_1.webp,Silent-bloc GSP 535137,535137_1.webp,1
autopart.tn:77534,https://autopart.tn/pieces/201/SCR-7501_1.webp,Silent-bloc KAVO PARTS SCR-7501,SCR-7501_1.webp,1
autopart.tn:18807,https://autopart.tn/pieces/257/111-0S-S04R_1.webp,Rotule de barre de connexion ASHIKA 111-0S-S04R,111-0S-S04R_1.webp,1
autopart.tn:23629,https://autopart.tn/pieces/257/111-0S-S04L_1.webp,Rotule de barre de connexion ASHIKA 111-0S-S04L,111-0S-S04L_1.webp,1
autopart.tn:90021,https://autopart.tn/pieces/373/S071022_1.webp,Rotule de barre de connexion GSP S071022,S071022_1.webp,1
autopart.tn:90020,https://autopart.tn/pieces/373/S071021_1.webp,Rotule de barre de connexion GSP S071021,S071021_1.webp,1
autopart.tn:78506,https://autopart.tn/pieces/248/N4830401_1.webp,Rotule de barre de connexion NIPPARTS N4830401,N4830401_1.webp,1
autopart.tn:78483,https://autopart.tn/pieces/248/N4820401_1.webp,Rotule de barre de connexion NIPPARTS N4820401,N4820401_1.webp,1
autopart.tn:20579,https://autopart.tn/pieces/257/73-0S-S03_1.webp,Rotule de suspension ASHIKA 73-0S-S03,73-0S-S03_1.webp,1
autopart.tn:22838,https://autopart.tn/pieces/373/S080691_1.webp,Rotule de suspension GSP S080691,S080691_1.webp,1
autopart.tn:78536,https://autopart.tn/pieces/248/N4860402_1.webp,Rotule de suspension NIPPARTS N4860402,N4860402_1.webp,1
autopart.tn:89961,https://autopart.tn/pieces/373/S050483_1.webp,Bielette suspension GSP S050483,S050483_1.webp,1
autopart.tn:77567,https://autopart.tn/pieces/201/SLS-7502_1.webp,Bielette suspension KAVO PARTS SLS-7502,SLS-7502_1.webp,1
autopart.tn:77568,https://autopart.tn/pieces/201/SLS-7507_1.webp,Bielette suspension KAVO PARTS SLS-7507,SLS-7507_1.webp,1
autopart.tn:78573,https://autopart.tn/pieces/248/N4960409_1.webp,Bielette suspension NIPPARTS N4960409,N4960409_1.webp,1
autopart.tn:78591,https://autopart.tn/pieces/248/N4970409_1.webp,Bielette suspension NIPPARTS N4970409,N4970409_1.webp,1
autopart.tn:78165,https://autopart.tn/pieces/248/J4960408_1.webp,Bielette suspension NIPPARTS J4960408,J4960408_1.webp,1
autopart.tn:65852,https://autopart.tn/pieces/257/GOM-S03_1.webp,"Coussinet de palier, stabilisateur ASHIKA GOM-S03",GOM-S03_1.webp,1
autopart.tn:77457,https://autopart.tn/pieces/201/SBS-7501_1.webp,Silent-bloc barre stabilisatrice KAVO PARTS SBS-7501,SBS-7501_1.webp,1
autopart.tn:44861,https://autopart.tn/pieces/21/826999_1.webp,Kit d'embrayage VALEO 826999,826999_1.webp,1
autopart.tn:58731,https://autopart.tn/pieces/21/804582_1.webp,Butée embrayage VALEO 804582,804582_1.webp,1
autopart.tn:33308,https://autopart.tn/pieces/4843/S9335S_1.webp,Démarreur AS-PL S9335S,S9335S_1.webp,1
autopart.tn:48076,https://autopart.tn/pieces/33/OAP7138_1.webp,"Poulie roue libre, alternateur GATES OAP7138",OAP7138_1.webp,1
autopart.tn:56158,https://autopart.tn/pieces/21/588078_1.webp,"Poulie roue libre, alternateur VALEO 588078",588078_1.webp,1
autopart.tn:2760,https://autopart.tn/pieces/185/27E03_1.webp,Balai d'essuie-glace KAMOKA 27E03,27E03_1.webp,1
autopart.tn:76843,https://autopart.tn/pieces/469/356370_1.webp,"Radiateur, refroidissement du moteur KALE OTO RADYATÖR 356370",356370_1.webp,1
autopart.tn:25260,https://autopart.tn/pieces/4834/21993_1.webp,Thermostat d'eau FARE 21993,21993_1.webp,1
autopart.tn:65767,https://autopart.tn/pieces/101/09672_1.webp,Thermostat d'eau FEBI BILSTEIN 09672,09672_1.webp,1
autopart.tn:84413,https://autopart.tn/pieces/207/15F621_1.webp,Huile moteur CASTROL 5W40 Magnatec C3 1L,15F621_1.webp,1
autopart.tn:84412,https://autopart.tn/pieces/207/15F625_1.webp,Huile moteur CASTROL 5W40 Magnatec C3 5L,15F625_1.webp,1
autopart.tn:64777,https://autopart.tn/pieces/207/15F7E8_1.webp,Huile moteur CASTROL 5W30 LL 5L,15F7E8_1.webp,1
autopart.tn:56327,https://autopart.tn/pieces/5382/20138-0050-99_1.webp,Huile moteur ROWE 5W40 Multi Formula 5L,20138-0050-99_1.webp,1
autopart.tn:81527,https://autopart.tn/pieces/5382/20118-0050-99_1.webp,Huile moteur ROWE 5W30 SYNT RS 5L,20118-0050-99_1.webp,1
autopart.tn:50731,https://autopart.tn/pieces/5382/20118-0010-99_1.webp,Huile moteur ROWE 5W30 SYNT RS 1L,20118-0010-99_1.webp,1
autopart.tn:56326,https://autopart.tn/pieces/5382/20138-0010-99_1.webp,Huile moteur ROWE 5W40 Multi Formula 1L,20138-0010-99_1.webp,1
autopart.tn:67307,https://autopart.tn/pieces/7717/213697_1.webp,Huile moteur Total Energies 5W40 Quartz 9000 5L,213697_1.webp,1
autopart.tn:50742,https://autopart.tn/pieces/5382/21014-0015-99_1.webp,Antigel ROWE G12 1.5L,21014-0015-99_1.webp,1
autopart.tn:68024,https://autopart.tn/pieces/5382/25050-0050-99_1.webp,Huile pour boîte automatique ROWE 25050-0050-99,25050-0050-99_1.webp,1
autopart.tn:50713,https://autopart.tn/pieces/5382/25050_1.webp,Huile pour boîte automatique ROWE 25050,25050_1.webp,1
autopart.tn:17780,https://autopart.tn/pieces/43/COF100506E_1.webp,Filtre à huile CHAMPION COF100506E,COF100506E_1.webp,1
autopart.tn:19111,https://autopart.tn/pieces/257/30-K0-009_1.webp,Filtre à carburant ASHIKA 30-K0-009,30-K0-009_1.webp,1
autopart.tn:19919,https://autopart.tn/pieces/257/55-0S-S01_1.webp,"Jeu de mâchoires de frein, frein de stationnement ASHIKA 55-0S-S01",55-0S-S01_1.webp,1
autopart.tn:38097,https://autopart.tn/pieces/185/7016219_1.webp,Courroie KAMOKA 7016219,7016219_1.webp,1
autopart.tn:77597,https://autopart.tn/pieces/201/SSA-10898_1.webp,Amortisseur KAVO PARTS SSA-10898,SSA-10898_1.webp,1
autopart.tn:77500,https://autopart.tn/pieces/201/SCA-7513_1.webp,Bras et Triangle suspension KAVO PARTS SCA-7513,SCA-7513_1.webp,1
autopart.tn:77501,https://autopart.tn/pieces/201/SCA-7514_1.webp,Bras et Triangle suspension KAVO PARTS SCA-7514,SCA-7514_1.webp,1
autopart.tn:78570,https://autopart.tn/pieces/248/N4930401_1.webp,Bras et Triangle suspension NIPPARTS N4930401,N4930401_1.webp,1
autopart.tn:19219,https://autopart.tn/pieces/257/35-0S-S02_1.webp,Pompe à eau ASHIKA 35-0S-S02,35-0S-S02_1.webp,1
autopart.tn:19249,https://autopart.tn/pieces/257/36-0S-S00_1.webp,"Embrayage, ventilateur de radiateur ASHIKA 36-0S-S00",36-0S-S00_1.webp,1
autopart.tn:90058,https://autopart.tn/pieces/207/15F8FE_1.webp,Huile moteur CASTROL 10W40 GTX 1L,15F8FE_1.webp,1
autopart.tn:64827,https://autopart.tn/pieces/189/8211850_1.webp,Huile moteur CHAMPION LUBRICANTS 5W40 5L,8211850_1.webp,1
autopart.tn:64181,https://autopart.tn/pieces/5382/20328-10-99_1.webp,Huile moteur ROWE 5W30 XPERT II 1L,20328-10-99_1.webp,1
autopart.tn:64182,https://autopart.tn/pieces/5382/20328-40-99_1.webp,Huile moteur ROWE 5W30 XPERT II 4L,20328-40-99_1.webp,1
autopart.tn:50722,https://autopart.tn/pieces/5382/20058-0010-99_1.webp,Huile moteur ROWE 10W40 1L,20058-0010-99_1.webp,1
autopart.tn:50723,https://autopart.tn/pieces/5382/20058-0040-99_1.webp,Huile moteur ROWE 10W40 4L,20058-0040-99_1.webp,1
autopart.tn:50724,https://autopart.tn/pieces/5382/20058-0050-99_1.webp,Huile moteur ROWE 10W40 5L,20058-0050-99_1.webp,1
autopart.tn:50740,https://autopart.tn/pieces/5382/21010-0015-99_1.webp,Antigel ROWE G11 1.5L,21010-0015-99_1.webp,1
autopart.tn:50710,https://autopart.tn/pieces/5382/25020_1.webp,Huile pour boîte automatique ROWE 25020,25020_1.webp,1
autopart.tn:68014,https://autopart.tn/pieces/5382/25020-0050-99_1.webp,Huile pour boîte automatique ROWE 25020-0050-99,25020-0050-99_1.webp,1
autopart.tn:50711,https://autopart.tn/pieces/5382/25011_1.webp,Huile pour boîte automatique ROWE 25011,25011_1.webp,1
autopart.tn:22816,https://autopart.tn/pieces/373/9400169K_1.webp,Kit de roulements de roue GSP 9400169K,9400169K_1.webp,1
autopart.tn:18812,https://autopart.tn/pieces/257/112-6PK2260_1.webp,Courroie ASHIKA 112-6PK2260,112-6PK2260_1.webp,1
autopart.tn:68630,https://autopart.tn/pieces/4758/40-13372_1.webp,Bras et Triangle suspension TALOSA 40-13372,40-13372_1.webp,1
autopart.tn:68244,https://autopart.tn/pieces/350/AD06R2257_1.webp,Courroie BLUE PRINT AD06R2257,AD06R2257_1.webp,1
autopart.tn:18643,https://autopart.tn/pieces/257/106-0S-S05L_1.webp,Biellette suspension ASHIKA 106-0S-S05L,106-0S-S05L_1.webp,1
autopart.tn:19103,https://autopart.tn/pieces/257/30-ECO081_1.webp,Filtre à carburant ASHIKA 30-ECO081,30-ECO081_1.webp,1
autopart.tn:19673,https://autopart.tn/pieces/257/50-0H-H14_1.webp,Kit de plaquettes de frein ASHIKA 50-0H-H14,50-0H-H14_1.webp,1
autopart.tn:20131,https://autopart.tn/pieces/257/61-0S-S04_1.webp,Jeu de 2 Disques de frein ASHIKA 61-0S-S04,61-0S-S04_1.webp,1
autopart.tn:23856,https://autopart.tn/pieces/257/60-0S-S06C_1.webp,Jeu de 2 Disques de frein ASHIKA 60-0S-S06C,60-0S-S06C_1.webp,1
autopart.tn:19220,https://autopart.tn/pieces/257/35-0S-S03_1.webp,Pompe à eau ASHIKA 35-0S-S03,35-0S-S03_1.webp,1
autopart.tn:1747,https://autopart.tn/pieces/121/22-0252-0_1.webp,Kit de plaquettes de frein METELLI 22-0252-0,22-0252-0_1.webp,1
autopart.tn:1930,https://autopart.tn/pieces/199/052.117K_1.webp,"Jeu de mâchoires de frein, frein de stationnement TRUSTING 052.117K",052.117K_1.webp,1
autopart.tn:23376,https://autopart.tn/pieces/185/F302001_1.webp,Filtre à carburant KAMOKA F302001,F302001_1.webp,1
autopart.tn:57027,https://autopart.tn/pieces/185/F126801_1.webp,Filtre à huile KAMOKA F126801,F126801_1.webp,1
autopart.tn:49471,https://autopart.tn/pieces/201/SO-806_1.webp,Filtre à huile KAVO PARTS SO-806,SO-806_1.webp,1
autopart.tn:23675,https://autopart.tn/pieces/257/20-0S-S04_1.webp,Filtre à air ASHIKA 20-0S-S04,20-0S-S04_1.webp,1
autopart.tn:46871,https://autopart.tn/pieces/201/SA-9856_1.webp,Filtre à air KAVO PARTS SA-9856,SA-9856_1.webp,1
autopart.tn:82508,https://autopart.tn/pieces/4008/MMF030009_1.webp,Filtre à carburant MANDO MMF030009,MMF030009_1.webp,1
autopart.tn:23701,https://autopart.tn/pieces/257/21-SS-S05_1.webp,Filtre habitacle ASHIKA 21-SS-S05,21-SS-S05_1.webp,1
autopart.tn:46872,https://autopart.tn/pieces/201/SC-9808_1.webp,Filtre habitacle KAVO PARTS SC-9808,SC-9808_1.webp,1
autopart.tn:23809,https://autopart.tn/pieces/257/51-0K-K06_1.webp,Kit de plaquettes de frein ASHIKA 51-0K-K06,51-0K-K06_1.webp,1
autopart.tn:46897,https://autopart.tn/pieces/201/KBP-3025_1.webp,Kit de plaquettes de frein KAVO PARTS KBP-3025,KBP-3025_1.webp,1
autopart.tn:46839,https://autopart.tn/pieces/201/KBP-3023_1.webp,Kit de plaquettes de frein KAVO PARTS KBP-3023,KBP-3023_1.webp,1
autopart.tn:46219,https://autopart.tn/pieces/121/22-1031-0_1.webp,Kit de plaquettes de frein METELLI 22-1031-0,22-1031-0_1.webp,1
autopart.tn:41547,https://autopart.tn/pieces/161/GDB3494_1.webp,Kit de plaquettes de frein TRW GDB3494,GDB3494_1.webp,1
autopart.tn:20130,https://autopart.tn/pieces/257/61-0S-S03C_1.webp,Jeu de 2 Disques de frein ASHIKA 61-0S-S03C,61-0S-S03C_1.webp,1
autopart.tn:19921,https://autopart.tn/pieces/257/55-0S-S03_1.webp,"Jeu de mâchoires de frein, frein de stationnement ASHIKA 55-0S-S03",55-0S-S03_1.webp,1
autopart.tn:65818,https://autopart.tn/pieces/257/128-0S-S03_1.webp,Tendeur courroie ASHIKA 128-0S-S03,128-0S-S03_1.webp,1
autopart.tn:86124,https://autopart.tn/pieces/10008/GZ055_1.webp,Bougie de préchauffage Amadini GZ055,GZ055_1.webp,1
autopart.tn:44666,https://autopart.tn/pieces/21/836269_1.webp,Volant moteur VALEO 836269,836269_1.webp,1
autopart.tn:32557,https://autopart.tn/pieces/4843/A9298S_1.webp,Alternateur AS-PL A9298S,A9298S_1.webp,1
autopart.tn:2785,https://autopart.tn/pieces/185/27M400_1.webp,Balai d'essuie-glace KAMOKA 27M400,27M400_1.webp,1
autopart.tn:2789,https://autopart.tn/pieces/185/27M600_1.webp,Balai d'essuie-glace KAMOKA 27M600,27M600_1.webp,1
autopart.tn:2764,https://autopart.tn/pieces/185/27E09_1.webp,Balai d'essuie-glace KAMOKA 27E09,27E09_1.webp,1
autopart.tn:72237,https://autopart.tn/pieces/21/576072_1.webp,Balai d'essuie-glace VALEO 576072,576072_1.webp,1
autopart.tn:85104,https://autopart.tn/pieces/7717/213698_1.webp,Huile moteur Total Energies 5W30 INEO MC3 FR 5L,213698_1.webp,1
autopart.tn:64779,https://autopart.tn/pieces/207/15D700_1.webp,Huile pour boîte de vitesses et pont CASTROL 75W90 Transmax Manual 1L,15D700_1.webp,1
autopart.tn:18680,https://autopart.tn/pieces/257/10-ECO105_1.webp,Filtre à huile ASHIKA 10-ECO105,10-ECO105_1.webp,1
autopart.tn:18688,https://autopart.tn/pieces/257/10-ECO137_1.webp,Filtre à huile ASHIKA 10-ECO137,10-ECO137_1.webp,1
autopart.tn:57697,https://autopart.tn/pieces/201/SF-986_1.webp,Filtre à carburant KAVO PARTS SF-986,SF-986_1.webp,1
autopart.tn:78238,https://autopart.tn/pieces/248/N1330405_1.webp,Filtre à carburant NIPPARTS N1330405,N1330405_1.webp,1
autopart.tn:78401,https://autopart.tn/pieces/248/N3605051_1.webp,Kit de plaquettes de frein NIPPARTS N3605051,N3605051_1.webp,1
autopart.tn:78404,https://autopart.tn/pieces/248/N3610311_1.webp,Kit de plaquettes de frein NIPPARTS N3610311,N3610311_1.webp,1
autopart.tn:19920,https://autopart.tn/pieces/257/55-0S-S02_1.webp,"Jeu de mâchoires de frein, frein de stationnement ASHIKA 55-0S-S02",55-0S-S02_1.webp,1
autopart.tn:88782,https://autopart.tn/pieces/257/KCKS03_1.webp,Kit de distribution par chaîne ASHIKA KCKS03,KCKS03_1.webp,1
autopart.tn:18829,https://autopart.tn/pieces/257/129-09-906_1.webp,"Poulie renvoi/transmission, courroie trapézoïdale à nervures ASHIKA 129-09-906",129-09-906_1.webp,1
autopart.tn:84996,https://autopart.tn/pieces/257/122-0S-S01_1.webp,"Poulie, vilebrequin ASHIKA 122-0S-S01",122-0S-S01_1.webp,1
autopart.tn:87884,https://autopart.tn/pieces/4008/EX4431034401_1.webp,Amortisseur MANDO EX4431034401,EX4431034401_1.webp,1
autopart.tn:90023,https://autopart.tn/pieces/373/S071823_1.webp,Rotule de barre de connexion GSP S071823,S071823_1.webp,1
autopart.tn:90043,https://autopart.tn/pieces/373/S081036_1.webp,Rotule de suspension GSP S081036,S081036_1.webp,1
autopart.tn:22815,https://autopart.tn/pieces/373/9328027_1.webp,Kit de roulements de roue GSP 9328027,9328027_1.webp,1
autopart.tn:50650,https://autopart.tn/pieces/257/130-0S-S02_1.webp,"Poulie roue libre, alternateur ASHIKA 130-0S-S02",130-0S-S02_1.webp,1
autopart.tn:50750,https://autopart.tn/pieces/5382/25004-0010-99_1.webp,Huile pour boîte de vitesses et pont ROWE 75W90 1L,25004-0010-99_1.webp,1
autopart.tn:23604,https://autopart.tn/pieces/257/10-ECO140_1.webp,Filtre à huile ASHIKA 10-ECO140,10-ECO140_1.webp,1
autopart.tn:57537,https://autopart.tn/pieces/201/BR-7711-C_1.webp,Jeu de 2 Disques de frein KAVO PARTS BR-7711-C,BR-7711-C_1.webp,1
autopart.tn:79732,https://autopart.tn/pieces/185/7016189_1.webp,Courroie KAMOKA 7016189,7016189_1.webp,1
autopart.tn:67356,https://autopart.tn/pieces/5382/25036-0010-99_1.webp,Huile pour boîte automatique ROWE 25036-0010-99,25036-0010-99_1.webp,1
autopart.tn:68011,https://autopart.tn/pieces/5382/25051-0050-99_1.webp,Huile pour boîte automatique ROWE 25051-0050-99,25051-0050-99_1.webp,1
autopart.tn:50714,https://autopart.tn/pieces/5382/25051_1.webp,Huile pour boîte automatique ROWE 25051,25051_1.webp,1
autopart.tn:18469,https://autopart.tn/pieces/257/10-09-997_1.webp,Filtre à huile ASHIKA 10-09-997,10-09-997_1.webp,1
autopart.tn:68314,https://autopart.tn/pieces/350/ADG02101_1.webp,Filtre à huile BLUE PRINT ADG02101,ADG02101_1.webp,1
autopart.tn:17781,https://autopart.tn/pieces/43/COF100103C_1.webp,Filtre à huile CHAMPION COF100103C,COF100103C_1.webp,1
autopart.tn:18940,https://autopart.tn/pieces/257/20-09-978_1.webp,Filtre à air ASHIKA 20-09-978,20-09-978_1.webp,1
autopart.tn:3923,https://autopart.tn/pieces/185/F205001_1.webp,Filtre à air KAMOKA F205001,F205001_1.webp,1
autopart.tn:1315,https://autopart.tn/pieces/43/CFF100259_1.webp,Filtre à carburant CHAMPION CFF100259,CFF100259_1.webp,1
autopart.tn:4087,https://autopart.tn/pieces/185/F300601_1.webp,Filtre à carburant KAMOKA F300601,F300601_1.webp,1
autopart.tn:4102,https://autopart.tn/pieces/185/F303601_1.webp,Filtre à carburant KAMOKA F303601,F303601_1.webp,1
autopart.tn:57726,https://autopart.tn/pieces/201/IF-3356_1.webp,Filtre à carburant KAVO PARTS IF-3356,IF-3356_1.webp,1
autopart.tn:44660,https://autopart.tn/pieces/21/587716_1.webp,Filtre à carburant VALEO 587716,587716_1.webp,1
autopart.tn:19795,https://autopart.tn/pieces/257/51-09-997_1.webp,Kit de plaquettes de frein ASHIKA 51-09-997,51-09-997_1.webp,1
autopart.tn:19640,https://autopart.tn/pieces/257/50-05-590_1.webp,Kit de plaquettes de frein ASHIKA 50-05-590,50-05-590_1.webp,1
autopart.tn:19669,https://autopart.tn/pieces/257/50-09-997_1.webp,Kit de plaquettes de frein ASHIKA 50-09-997,50-09-997_1.webp,1
autopart.tn:20069,https://autopart.tn/pieces/257/60-0S-000C_1.webp,Jeu de 2 Disques de frein ASHIKA 60-0S-000C,60-0S-000C_1.webp,1
autopart.tn:19844,https://autopart.tn/pieces/257/55-01-194_1.webp,Jeu de mâchoires de frein ASHIKA 55-01-194,55-01-194_1.webp,1
autopart.tn:31947,https://autopart.tn/pieces/33/AVX13X1500HD_1.webp,Courroie trapézoïdale GATES AVX13X1500HD,AVX13X1500HD_1.webp,1
autopart.tn:46849,https://autopart.tn/pieces/201/SBJ-7503_1.webp,Rotule de suspension KAVO PARTS SBJ-7503,SBJ-7503_1.webp,1
autopart.tn:46879,https://autopart.tn/pieces/201/SBJ-7502_1.webp,Rotule de suspension KAVO PARTS SBJ-7502,SBJ-7502_1.webp,1
autopart.tn:45585,https://autopart.tn/pieces/10/776.786_1.webp,Joint culasse ELRING 776.786,776.786_1.webp,1
autopart.tn:45727,https://autopart.tn/pieces/10/892.505_1.webp,Pochette moteur complète ELRING 892.505,892.505_1.webp,1
autopart.tn:45540,https://autopart.tn/pieces/10/777.138_1.webp,"Joint d'étanchéité, carter d'huile ELRING 777.138",777.138_1.webp,1
autopart.tn:45499,https://autopart.tn/pieces/10/194.220_1.webp,Joint de cache culbuteurs ELRING 194.220,194.220_1.webp,1
autopart.tn:33222,https://autopart.tn/pieces/4843/S6004_1.webp,Démarreur AS-PL S6004,S6004_1.webp,1
autopart.tn:27783,https://autopart.tn/pieces/21/576003_1.webp,Balai d'essuie-glace VALEO 576003,576003_1.webp,1
autopart.tn:27741,https://autopart.tn/pieces/21/575002_1.webp,Balai d'essuie-glace VALEO 575002,575002_1.webp,1
autopart.tn:23665,https://autopart.tn/pieces/257/20-09-980_1.webp,Filtre à air ASHIKA 20-09-980,20-09-980_1.webp,1
autopart.tn:1295,https://autopart.tn/pieces/43/CAF100628P_1.webp,Filtre à air CHAMPION CAF100628P,CAF100628P_1.webp,1
autopart.tn:83459,https://autopart.tn/pieces/185/F210301_1.webp,Filtre à air KAMOKA F210301,F210301_1.webp,1
autopart.tn:46883,https://autopart.tn/pieces/201/SA-9850_1.webp,Filtre à air KAVO PARTS SA-9850,SA-9850_1.webp,1
autopart.tn:85016,https://autopart.tn/pieces/257/61-0S-099C_1.webp,Jeu de 2 Disques de frein ASHIKA 61-0S-099C,61-0S-099C_1.webp,1
autopart.tn:65836,https://autopart.tn/pieces/257/61-0S-000C_1.webp,Jeu de 2 Disques de frein ASHIKA 61-0S-000C,61-0S-000C_1.webp,1
autopart.tn:20349,https://autopart.tn/pieces/257/68-S0-098_1.webp,Maître-cylindre de frein ASHIKA 68-S0-098,68-S0-098_1.webp,1
autopart.tn:14,https://autopart.tn/pieces/101/10409_1.webp,Glissiere chaine distribution FEBI BILSTEIN 10409,10409_1.webp,1
autopart.tn:558,https://autopart.tn/pieces/101/25298_1.webp,Glissiere chaine distribution FEBI BILSTEIN 25298,25298_1.webp,1
autopart.tn:59386,https://autopart.tn/pieces/101/01382_1.webp,"Tendeur, chaîne de distribution FEBI BILSTEIN 01382",01382_1.webp,1
autopart.tn:18826,https://autopart.tn/pieces/257/128-0S-S00_1.webp,Tendeur courroie ASHIKA 128-0S-S00,128-0S-S00_1.webp,1
autopart.tn:76218,https://autopart.tn/pieces/6752/ATPP1111140035_1.webp,"Amortisseur de vibrations, courroie trapézoïdale à nervures Bapmic ATPP1111140035",ATPP1111140035_1.webp,1
autopart.tn:38073,https://autopart.tn/pieces/185/7016195_1.webp,Courroie KAMOKA 7016195,7016195_1.webp,1
autopart.tn:85544,https://autopart.tn/pieces/6752/BACB11-234011_1.webp,"Poulie-tendeur, courroie trapézoïdale à nervures Bapmic BACB11-234011",BACB11-234011_1.webp,1
autopart.tn:53366,https://autopart.tn/pieces/11/Z100_1.webp,Bougie d'allumage BERU Z100,Z100_1.webp,1
autopart.tn:49488,https://autopart.tn/pieces/89/CE20038-12B1_1.webp,Bobine d'allumage DELPHI CE20038-12B1,CE20038-12B1_1.webp,1
autopart.tn:22022,https://autopart.tn/pieces/185/7120005_1.webp,Bobine d'allumage KAMOKA 7120005,7120005_1.webp,1
autopart.tn:21357,https://autopart.tn/pieces/257/MA-SS000_1.webp,Amortisseur ASHIKA MA-SS000,MA-SS000_1.webp,1
autopart.tn:20577,https://autopart.tn/pieces/257/73-0S-S01_1.webp,Rotule de suspension ASHIKA 73-0S-S01,73-0S-S01_1.webp,1
autopart.tn:20578,https://autopart.tn/pieces/257/73-0S-S02_1.webp,Rotule de suspension ASHIKA 73-0S-S02,73-0S-S02_1.webp,1
autopart.tn:18525,https://autopart.tn/pieces/257/103-0S-S02_1.webp,"Rotule de direction intérieure, barre de connexion ASHIKA 103-0S-S02",103-0S-S02_1.webp,1
autopart.tn:68388,https://autopart.tn/pieces/350/ADU173305_1.webp,Butée de débrayage BLUE PRINT ADU173305,ADU173305_1.webp,1
autopart.tn:45562,https://autopart.tn/pieces/10/122.810_1.webp,Joint culasse ELRING 122.810,122.810_1.webp,1
autopart.tn:63939,https://autopart.tn/pieces/6752/BF0425290025_1.webp,"Joint d'étanchéité, carter d'huile Bapmic BF0425290025",BF0425290025_1.webp,1
autopart.tn:45538,https://autopart.tn/pieces/10/175.143_1.webp,"Joint d'étanchéité, carter d'huile ELRING 175.143",175.143_1.webp,1
autopart.tn:19228,https://autopart.tn/pieces/257/35-S0-099_1.webp,Pompe à eau ASHIKA 35-S0-099,35-S0-099_1.webp,1
autopart.tn:4905,https://autopart.tn/pieces/185/T0187_1.webp,Pompe à eau KAMOKA T0187,T0187_1.webp,1
autopart.tn:45487,https://autopart.tn/pieces/10/899.917_1.webp,"Jeu de joints d'étanchéité, couvercle de culasse ELRING 899.917",899.917_1.webp,1
autopart.tn:49658,https://autopart.tn/pieces/101/31974_1.webp,"Jeu de joints d'étanchéité, couvercle de culasse FEBI BILSTEIN 31974",31974_1.webp,1
autopart.tn:45750,https://autopart.tn/pieces/10/746.420_1.webp,Pochette joint haute ELRING 746.420,746.420_1.webp,1
autopart.tn:21837,https://autopart.tn/pieces/185/4080003_1.webp,"Sonde de température, liquide de refroidissement KAMOKA 4080003",4080003_1.webp,1
autopart.tn:2786,https://autopart.tn/pieces/185/27M450_1.webp,Balai d'essuie-glace KAMOKA 27M450,27M450_1.webp,1
autopart.tn:44833,https://autopart.tn/pieces/21/575003_1.webp,Balai d'essuie-glace VALEO 575003,575003_1.webp,1
autopart.tn:25483,https://autopart.tn/pieces/4834/29874_1.webp,Pipette d'eau FARE 29874,29874_1.webp,1
autopart.tn:40230,https://autopart.tn/pieces/185/7710096_1.webp,Boîtier du thermostat KAMOKA 7710096,7710096_1.webp,1
autopart.tn:20199,https://autopart.tn/pieces/257/63-00-009_1.webp,"Soufflet, arbre de commande ASHIKA 63-00-009",63-00-009_1.webp,1
autopart.tn:38086,https://autopart.tn/pieces/185/7016208_1.webp,Courroie KAMOKA 7016208,7016208_1.webp,1
autopart.tn:53368,https://autopart.tn/pieces/11/Z240_1.webp,Bougie d'allumage BERU Z240,Z240_1.webp,1
autopart.tn:20633,https://autopart.tn/pieces/257/85-0W-W03_1.webp,"Cylindre récepteur, embrayage ASHIKA 85-0W-W03",85-0W-W03_1.webp,1
autopart.tn:81324,https://autopart.tn/pieces/9/15-31001-01_1.webp,"Jeu de joints d'étanchéité, couvercle de culasse VICTOR REINZ 15-31001-01",15-31001-01_1.webp,1
autopart.tn:1421,https://autopart.tn/pieces/60/22-27311-50-0_1.webp,Pochette joint basse GOETZE 22-27311-50/0,22-27311-50-0_1.webp,1
autopart.tn:75915,https://autopart.tn/pieces/185/T0180_1.webp,Pompe à eau KAMOKA T0180,T0180_1.webp,1
autopart.tn:46509,https://autopart.tn/pieces/9/71-29170-10_1.webp,"Joint d'étanchéité, carter d'huile VICTOR REINZ 71-29170-10",71-29170-10_1.webp,1
autopart.tn:22993,https://autopart.tn/pieces/185/109001_1.webp,Capteur vilebrequin KAMOKA 109001,109001_1.webp,1
autopart.tn:40229,https://autopart.tn/pieces/185/7710086_1.webp,Boîtier du thermostat KAMOKA 7710086,7710086_1.webp,1
autopart.tn:1296,https://autopart.tn/pieces/43/CAF100700P_1.webp,Filtre à air CHAMPION CAF100700P,CAF100700P_1.webp,1
autopart.tn:3807,https://autopart.tn/pieces/185/F100301_1.webp,Filtre à huile KAMOKA F100301,F100301_1.webp,1
autopart.tn:22633,https://autopart.tn/pieces/185/R0164_1.webp,"Poulie-Tendeur, Courroie De Distribution KAMOKA R0164",R0164_1.webp,1
autopart.tn:4911,https://autopart.tn/pieces/185/T0205_1.webp,Pompe à eau KAMOKA T0205,T0205_1.webp,1
autopart.tn:71646,https://autopart.tn/pieces/185/7920023_1.webp,Pipette d'eau KAMOKA 7920023,7920023_1.webp,1
autopart.tn:68317,https://autopart.tn/pieces/350/ADG02201_1.webp,Filtre à air BLUE PRINT ADG02201,ADG02201_1.webp,1
autopart.tn:53094,https://autopart.tn/pieces/101/30366_1.webp,Filtre à air FEBI BILSTEIN 30366,30366_1.webp,1
autopart.tn:4099,https://autopart.tn/pieces/185/F303001_1.webp,Filtre à carburant KAMOKA F303001,F303001_1.webp,1
autopart.tn:77076,https://autopart.tn/pieces/201/DF-7743_1.webp,Filtre à carburant KAVO PARTS DF-7743,DF-7743_1.webp,1
autopart.tn:76253,https://autopart.tn/pieces/6752/BACB11-234031_1.webp,Tendeur courroie Bapmic BACB11-234031,BACB11-234031_1.webp,1
autopart.tn:4612,https://autopart.tn/pieces/185/R0027_1.webp,Tendeur courroie KAMOKA R0027,R0027_1.webp,1
autopart.tn:106,https://autopart.tn/pieces/101/02249_1.webp,"Poulie renvoi/transmission, courroie trapézoïdale à nervures FEBI BILSTEIN 02249",02249_1.webp,1
autopart.tn:52993,https://autopart.tn/pieces/185/R0436_1.webp,"Poulie-tendeur, courroie trapézoïdale à nervures KAMOKA R0436",R0436_1.webp,1
autopart.tn:67557,https://autopart.tn/pieces/6358/310T0091_1.webp,"Poulie-tendeur, courroie trapézoïdale à nervures Ridex 310T0091",310T0091_1.webp,1
autopart.tn:49134,https://autopart.tn/pieces/101/17650_1.webp,Chaîne de distribution FEBI BILSTEIN 17650,17650_1.webp,1
autopart.tn:49121,https://autopart.tn/pieces/101/10407_1.webp,Glissiere chaine distribution FEBI BILSTEIN 10407,10407_1.webp,1
autopart.tn:49653,https://autopart.tn/pieces/101/10408_1.webp,Glissiere chaine distribution FEBI BILSTEIN 10408,10408_1.webp,1
autopart.tn:38079,https://autopart.tn/pieces/185/7016201_1.webp,Courroie KAMOKA 7016201,7016201_1.webp,1
autopart.tn:17763,https://autopart.tn/pieces/43/CH176_1.webp,Bougie de préchauffage CHAMPION CH176,CH176_1.webp,1
autopart.tn:4575,https://autopart.tn/pieces/185/KP088_1.webp,Bougie de préchauffage KAMOKA KP088,KP088_1.webp,1
autopart.tn:46505,https://autopart.tn/pieces/9/71-26204-10_1.webp,"Joint d'étanchéité, carter d'huile VICTOR REINZ 71-26204-10",71-26204-10_1.webp,1
autopart.tn:45575,https://autopart.tn/pieces/10/832.962_1.webp,Joint culasse ELRING 832.962,832.962_1.webp,1
autopart.tn:45732,https://autopart.tn/pieces/10/815.020_1.webp,Pochette joint basse ELRING 815.020,815.020_1.webp,1
autopart.tn:45756,https://autopart.tn/pieces/10/833.789_1.webp,Pochette joint haute ELRING 833.789,833.789_1.webp,1
autopart.tn:55269,https://autopart.tn/pieces/21/506060_1.webp,Pompe à eau VALEO 506060,506060_1.webp,1
autopart.tn:74056,https://autopart.tn/pieces/6752/BF0425420088_1.webp,Joint de cache culbuteurs Bapmic BF0425420088,BF0425420088_1.webp,1
autopart.tn:259,https://autopart.tn/pieces/101/05142_1.webp,Joint de cache culbuteurs FEBI BILSTEIN 05142,05142_1.webp,1
autopart.tn:34179,https://autopart.tn/pieces/391/11277_1.webp,Démarreur EAI 11277,11277_1.webp,1
autopart.tn:20221,https://autopart.tn/pieces/257/66-00-099_1.webp,"Joint, arbre de transmission ASHIKA 66-00-099",66-00-099_1.webp,1
autopart.tn:18931,https://autopart.tn/pieces/257/20-09-907_1.webp,Filtre à air ASHIKA 20-09-907,20-09-907_1.webp,1
autopart.tn:76703,https://autopart.tn/pieces/6752/BF0427400293_1.webp,Filtre à air Bapmic BF0427400293,BF0427400293_1.webp,1
autopart.tn:68197,https://autopart.tn/pieces/101/36635_1.webp,Filtre à carburant FEBI BILSTEIN 36635,36635_1.webp,1
autopart.tn:38072,https://autopart.tn/pieces/185/7016194_1.webp,Courroie KAMOKA 7016194,7016194_1.webp,1
autopart.tn:24004,https://autopart.tn/pieces/257/92-S0-001_1.webp,Kit d'embrayage ASHIKA 92-S0-001,92-S0-001_1.webp,1
autopart.tn:45578,https://autopart.tn/pieces/10/833.098_1.webp,Joint culasse ELRING 833.098,833.098_1.webp,1
autopart.tn:53532,https://autopart.tn/pieces/10/490.654_1.webp,"Joint d'étanchéité, carter d'huile ELRING 490.654",490.654_1.webp,1
autopart.tn:46514,https://autopart.tn/pieces/9/71-34038-00_1.webp,"Joint d'étanchéité, carter d'huile VICTOR REINZ 71-34038-00",71-34038-00_1.webp,1
autopart.tn:53521,https://autopart.tn/pieces/10/594.407_1.webp,Joint de cache culbuteurs ELRING 594.407,594.407_1.webp,1
autopart.tn:49659,https://autopart.tn/pieces/101/01347_1.webp,Joint de cache culbuteurs FEBI BILSTEIN 01347,01347_1.webp,1
autopart.tn:45758,https://autopart.tn/pieces/10/833.665_1.webp,Pochette joint haute ELRING 833.665,833.665_1.webp,1
autopart.tn:67308,https://autopart.tn/pieces/7717/214114_1.webp,Huile moteur Total Energies 10W40 Quartz 7000 5L,214114_1.webp,1
autopart.tn:31648,https://autopart.tn/pieces/33/6PK2245_1.webp,Courroie GATES 6PK2245,6PK2245_1.webp,1
autopart.tn:45539,https://autopart.tn/pieces/10/447.431_1.webp,"Joint d'étanchéité, carter d'huile ELRING 447.431",447.431_1.webp,1
autopart.tn:58879,https://autopart.tn/pieces/185/18008_1.webp,Débitmètre de masse d'air KAMOKA 18008,18008_1.webp,1
autopart.tn:59978,https://autopart.tn/pieces/4834/T007_1.webp,Thermostat d'eau FARE T007,T007_1.webp,1
autopart.tn:56842,https://autopart.tn/pieces/185/7710048_1.webp,Thermostat d'eau KAMOKA 7710048,7710048_1.webp,1
autopart.tn:1286,https://autopart.tn/pieces/43/CAF100563P_1.webp,Filtre à air CHAMPION CAF100563P,CAF100563P_1.webp,1
autopart.tn:77436,https://autopart.tn/pieces/201/SA-9853_1.webp,Filtre à air KAVO PARTS SA-9853,SA-9853_1.webp,1
autopart.tn:38081,https://autopart.tn/pieces/185/7016203_1.webp,Courroie KAMOKA 7016203,7016203_1.webp,1
autopart.tn:74052,https://autopart.tn/pieces/6752/BF0425290015_1.webp,"Joint d'étanchéité, carter d'huile Bapmic BF0425290015",BF0425290015_1.webp,1
autopart.tn:46507,https://autopart.tn/pieces/9/71-26574-10_1.webp,Joint de cache culbuteurs VICTOR REINZ 71-26574-10,71-26574-10_1.webp,1
autopart.tn:1273,https://autopart.tn/pieces/43/CET2_1.webp,Bougie d'allumage CHAMPION CET2,CET2_1.webp,1
autopart.tn:77093,https://autopart.tn/pieces/201/DO-709_1.webp,Filtre à huile KAVO PARTS DO-709,DO-709_1.webp,1
autopart.tn:20717,https://autopart.tn/pieces/257/92-0S-S15_1.webp,Kit d'embrayage ASHIKA 92-0S-S15,92-0S-S15_1.webp,1
autopart.tn:74057,https://autopart.tn/pieces/6752/BF0425420089_1.webp,Joint de cache culbuteurs Bapmic BF0425420089,BF0425420089_1.webp,1
autopart.tn:19812,https://autopart.tn/pieces/257/51-0S-S02_1.webp,Kit de plaquettes de frein ASHIKA 51-0S-S02,51-0S-S02_1.webp,1
autopart.tn:58072,https://autopart.tn/pieces/6265/SP1173_1.webp,Kit de plaquettes de frein Hi-Q SP1173,SP1173_1.webp,1
autopart.tn:3177,https://autopart.tn/pieces/185/7092441_1.webp,"Vérin de hayon, de coffre KAMOKA 7092441",7092441_1.webp,1
autopart.tn:2788,https://autopart.tn/pieces/185/27M550_1.webp,Balai d'essuie-glace KAMOKA 27M550,27M550_1.webp,1
autopart.tn:27742,https://autopart.tn/pieces/21/575004_1.webp,Balai d'essuie-glace VALEO 575004,575004_1.webp,1
autopart.tn:73868,https://autopart.tn/pieces/6752/BACB11-748006_1.webp,Capteur arbre à cames Bapmic BACB11-748006,BACB11-748006_1.webp,1
autopart.tn:49250,https://autopart.tn/pieces/101/10098_1.webp,"Kit de filtre hydraulique, boîte automatique FEBI BILSTEIN 10098",10098_1.webp,1
autopart.tn:78063,https://autopart.tn/pieces/248/J3610509_1.webp,Kit de plaquettes de frein NIPPARTS J3610509,J3610509_1.webp,1
autopart.tn:19916,https://autopart.tn/pieces/257/55-0K-K27_1.webp,"Jeu de mâchoires de frein, frein de stationnement ASHIKA 55-0K-K27",55-0K-K27_1.webp,1
autopart.tn:78366,https://autopart.tn/pieces/248/N3500529_1.webp,"Jeu de mâchoires de frein, frein de stationnement NIPPARTS N3500529",N3500529_1.webp,1
autopart.tn:27745,https://autopart.tn/pieces/21/575007_1.webp,Balai d'essuie-glace VALEO 575007,575007_1.webp,1
autopart.tn:68013,https://autopart.tn/pieces/5382/21133-0015-99_1.webp,Antigel ROWE 21133-0015-99,21133-0015-99_1.webp,1
autopart.tn:38085,https://autopart.tn/pieces/185/7016207_1.webp,Courroie KAMOKA 7016207,7016207_1.webp,1
autopart.tn:76252,https://autopart.tn/pieces/6752/BACB11-234015_1.webp,"Tendeur de courroie, courroie trapézoïdale à nervures Bapmic BACB11-234015",BACB11-234015_1.webp,1
autopart.tn:22355,https://autopart.tn/pieces/185/F105101_1.webp,Filtre à huile KAMOKA F105101,F105101_1.webp,1
autopart.tn:4901,https://autopart.tn/pieces/185/T0181_1.webp,Pompe à eau KAMOKA T0181,T0181_1.webp,1
autopart.tn:18646,https://autopart.tn/pieces/257/106-0S-S07R_1.webp,Biellette suspension ASHIKA 106-0S-S07R,106-0S-S07R_1.webp,1
autopart.tn:18644,https://autopart.tn/pieces/257/106-0S-S05R_1.webp,Biellette suspension ASHIKA 106-0S-S05R,106-0S-S05R_1.webp,1
autopart.tn:18645,https://autopart.tn/pieces/257/106-0S-S07L_1.webp,Biellette suspension ASHIKA 106-0S-S07L,106-0S-S07L_1.webp,1
autopart.tn:34794,https://autopart.tn/pieces/185/F600901_1.webp,"Filtre hydraulique, boîte automatique KAMOKA F600901",F600901_1.webp,1
